case_id,score
57543,0.04
57549,0.06000000000000001
57551,0.11000000000000001
57552,0.06999999999999999
57569,0.25999999999999995
57630,0.17000000000000004
57631,0.15
57632,0.02
57633,0.22000000000000003
57634,0.06
